Seller,SellerId,Product,SKU,Category,Subcategory,ProductType,Price,Stock
"TechNova Electronics","seller-1","Vistara 43-inch 4K Smart LED TV","SKU-0001","Electronics","Televisions","LED TVs","25999","17"
"TechNova Electronics","seller-1","Vistara 32-inch HD Ready LED TV","SKU-0002","Electronics","Televisions","LED TVs","13499","24"
"TechNova Electronics","seller-1","CineBeam Home Projector 1080p","SKU-0003","Electronics","Televisions","Projectors","18999","0"
"TechNova Electronics","seller-1","Nexora Fit Smartwatch Pro","SKU-0004","Electronics","Wearables","Smartwatches","4999","38"
"TechNova Electronics","seller-1","Nexora Fit Lite Smartwatch","SKU-0005","Electronics","Wearables","Smartwatches","2299","4"
"TechNova Electronics","seller-1","PulseBand 5 Fitness Tracker","SKU-0006","Electronics","Wearables","Fitness Bands","1799","52"
"TechNova Electronics","seller-1","ReadEase Ink 7-inch E-Reader","SKU-0007","Electronics","Personal Electronics","E-Readers","9999","59"
"TechNova Electronics","seller-1","EchoNest Smart Voice Assistant","SKU-0008","Electronics","Personal Electronics","Voice Assistants","3499","66"
"TechNova Electronics","seller-1","VoltEdge 20000mAh Power Bank","SKU-0009","Electronics","Personal Electronics","Power Banks","1899","73"
"TechNova Electronics","seller-1","VoltEdge 10000mAh Slim Power Bank","SKU-0010","Electronics","Personal Electronics","Power Banks","1199","10"
"PixelPort Mobiles","seller-2","Nexora Pulse 5G (8GB/256GB)","SKU-0011","Mobile Phones & Accessories","Mobile Phones","Android Phones","24999","17"
"PixelPort Mobiles","seller-2","Nexora Pulse Lite 5G (6GB/128GB)","SKU-0012","Mobile Phones & Accessories","Mobile Phones","Android Phones","15999","24"
"PixelPort Mobiles","seller-2","Zenfone Aura 4G (4GB/64GB)","SKU-0013","Mobile Phones & Accessories","Mobile Phones","Android Phones","8999","31"
"PixelPort Mobiles","seller-2","DuraCall K20 Feature Phone","SKU-0014","Mobile Phones & Accessories","Mobile Phones","Feature Phones","1499","38"
"PixelPort Mobiles","seller-2","ArmorShell Matte Back Cover (Pulse 5G)","SKU-0015","Mobile Phones & Accessories","Cases & Covers","Back Covers","399","45"
"PixelPort Mobiles","seller-2","ArmorShell Leather Flip Cover","SKU-0016","Mobile Phones & Accessories","Cases & Covers","Flip Covers","699","3"
"PixelPort Mobiles","seller-2","VoltEdge 33W Fast Charger","SKU-0017","Mobile Phones & Accessories","Charging & Cables","Chargers","899","59"
"PixelPort Mobiles","seller-2","VoltEdge Braided USB-C Cable 1.5m","SKU-0018","Mobile Phones & Accessories","Charging & Cables","USB Cables","349","66"
"PixelPort Mobiles","seller-2","VoltEdge MagPad Wireless Charger","SKU-0019","Mobile Phones & Accessories","Charging & Cables","Wireless Chargers","1499","73"
"PixelPort Mobiles","seller-2","ClearGuard Tempered Glass (Pack of 2)","SKU-0020","Mobile Phones & Accessories","Cases & Covers","Back Covers","299","10"
"ByteWorks Computing","seller-3","ByteBook Air 14 (i5/16GB/512GB)","SKU-0021","Computers & Laptops","Laptops","Thin & Light Laptops","58999","17"
"ByteWorks Computing","seller-3","ByteBook Slim 15 (Ryzen 5/8GB/512GB)","SKU-0022","Computers & Laptops","Laptops","Thin & Light Laptops","46999","24"
"ByteWorks Computing","seller-3","RaptorForge G16 Gaming Laptop (RTX)","SKU-0023","Computers & Laptops","Laptops","Gaming Laptops","92999","31"
"ByteWorks Computing","seller-3","PixelView 27-inch QHD Monitor","SKU-0024","Computers & Laptops","Desktops & Monitors","Monitors","18999","38"
"ByteWorks Computing","seller-3","PixelView 24-inch FHD Monitor","SKU-0025","Computers & Laptops","Desktops & Monitors","Monitors","9499","45"
"ByteWorks Computing","seller-3","ByteBox Mini PC (i3/8GB/256GB)","SKU-0026","Computers & Laptops","Desktops & Monitors","Mini PCs","24999","52"
"ByteWorks Computing","seller-3","KeyForge Mechanical Keyboard (Blue Switch)","SKU-0027","Computers & Laptops","PC Accessories","Keyboards","3499","2"
"ByteWorks Computing","seller-3","GlidePro Wireless Mouse","SKU-0028","Computers & Laptops","PC Accessories","Mice","899","66"
"ByteWorks Computing","seller-3","ErgoRise Aluminium Laptop Stand","SKU-0029","Computers & Laptops","PC Accessories","Laptop Stands","1299","73"
"ByteWorks Computing","seller-3","KeyForge Compact Wireless Keyboard","SKU-0030","Computers & Laptops","PC Accessories","Keyboards","1699","10"
"PixelPort Mobiles","seller-2","Nexora Tab S10 (8GB/128GB, 11-inch)","SKU-0031","Tablets & Accessories","Tablets","Android Tablets","21999","17"
"PixelPort Mobiles","seller-2","Nexora Tab Go (4GB/64GB, 10-inch)","SKU-0032","Tablets & Accessories","Tablets","Android Tablets","12999","24"
"PixelPort Mobiles","seller-2","SproutPad Kids Tablet (Parental Controls)","SKU-0033","Tablets & Accessories","Tablets","Kids Tablets","8999","31"
"PixelPort Mobiles","seller-2","SketchPoint Active Stylus Pen","SKU-0034","Tablets & Accessories","Tablet Accessories","Stylus Pens","1999","38"
"PixelPort Mobiles","seller-2","ArmorShell Tab Folio Case 11-inch","SKU-0035","Tablets & Accessories","Tablet Accessories","Tablet Cases","999","45"
"PixelPort Mobiles","seller-2","ClearGuard Tab Screen Protector","SKU-0036","Tablets & Accessories","Tablet Accessories","Screen Protectors","449","52"
"PixelPort Mobiles","seller-2","Nexora Tab S10 FE (6GB/128GB)","SKU-0037","Tablets & Accessories","Tablets","Android Tablets","17999","59"
"PixelPort Mobiles","seller-2","SketchPoint Passive Stylus (2-Pack)","SKU-0038","Tablets & Accessories","Tablet Accessories","Stylus Pens","599","4"
"PixelPort Mobiles","seller-2","ArmorShell Rugged Kids Tab Case","SKU-0039","Tablets & Accessories","Tablet Accessories","Tablet Cases","799","73"
"PixelPort Mobiles","seller-2","SproutPad Learning Tablet 8-inch","SKU-0040","Tablets & Accessories","Tablets","Kids Tablets","6999","10"
"LensCraft Studio","seller-4","OptiMax D5600 DSLR (18-55mm Kit)","SKU-0041","Cameras & Photography","Cameras","DSLR Cameras","46999","17"
"LensCraft Studio","seller-4","OptiMax M50 Mirrorless (15-45mm Kit)","SKU-0042","Cameras & Photography","Cameras","Mirrorless Cameras","56999","24"
"LensCraft Studio","seller-4","TrailCam X4 4K Action Camera","SKU-0043","Cameras & Photography","Cameras","Action Cameras","8999","31"
"LensCraft Studio","seller-4","SteadyShot Aluminium Tripod 160cm","SKU-0044","Cameras & Photography","Camera Accessories","Tripods","2499","38"
"LensCraft Studio","seller-4","SteadyShot Flexi Mini Tripod","SKU-0045","Cameras & Photography","Camera Accessories","Tripods","899","45"
"LensCraft Studio","seller-4","LensCarry Padded Camera Bag","SKU-0046","Cameras & Photography","Camera Accessories","Camera Bags","1799","52"
"LensCraft Studio","seller-4","SwiftStore 128GB SD Card (V30)","SKU-0047","Cameras & Photography","Camera Accessories","Memory Cards","1299","59"
"LensCraft Studio","seller-4","GlowRing 12-inch Ring Light with Stand","SKU-0048","Cameras & Photography","Studio Gear","Ring Lights","1599","66"
"LensCraft Studio","seller-4","StudioPro Collapsible Green Screen","SKU-0049","Cameras & Photography","Studio Gear","Green Screens","3499","3"
"LensCraft Studio","seller-4","TrailCam X2 Action Camera","SKU-0050","Cameras & Photography","Cameras","Action Cameras","5999","0"
"SoundWave Audio","seller-5","SoundWave ANC Over-Ear Headphones","SKU-0051","Audio","Headphones","Over-Ear Headphones","4999","17"
"SoundWave Audio","seller-5","SoundWave Bass+ Over-Ear Headphones","SKU-0052","Audio","Headphones","Over-Ear Headphones","2499","24"
"SoundWave Audio","seller-5","AirBud Nano True Wireless Earbuds","SKU-0053","Audio","Headphones","True Wireless Earbuds","2999","31"
"SoundWave Audio","seller-5","AirBud Sport TWS (ENC Mic)","SKU-0054","Audio","Headphones","True Wireless Earbuds","1799","38"
"SoundWave Audio","seller-5","FlexTone Bluetooth Neckband","SKU-0055","Audio","Headphones","Neckbands","1299","45"
"SoundWave Audio","seller-5","BoomBox Go Bluetooth Speaker","SKU-0056","Audio","Speakers","Bluetooth Speakers","1599","52"
"SoundWave Audio","seller-5","BoomBox Party 40W Speaker","SKU-0057","Audio","Speakers","Party Speakers","5999","59"
"SoundWave Audio","seller-5","CineSound 2.1 Soundbar 120W","SKU-0058","Audio","Speakers","Soundbars","7999","66"
"SoundWave Audio","seller-5","StudioMic USB Condenser Microphone","SKU-0059","Audio","Pro Audio","Microphones","3499","73"
"SoundWave Audio","seller-5","StudioMic 2i2 Audio Interface","SKU-0060","Audio","Pro Audio","Audio Interfaces","8999","2"
"ByteWorks Computing","seller-3","PlayPort Handheld Console (64GB)","SKU-0061","Gaming & Consoles","Consoles","Handheld Consoles","12999","17"
"ByteWorks Computing","seller-3","RetroBox Classic Console (300 Games)","SKU-0062","Gaming & Consoles","Consoles","Retro Consoles","3999","24"
"ByteWorks Computing","seller-3","StrikePad Pro Wireless Controller","SKU-0063","Gaming & Consoles","Gaming Accessories","Controllers","2999","31"
"ByteWorks Computing","seller-3","StrikePad Wired Controller","SKU-0064","Gaming & Consoles","Gaming Accessories","Controllers","1499","38"
"ByteWorks Computing","seller-3","WarCry 7.1 Gaming Headset","SKU-0065","Gaming & Consoles","Gaming Accessories","Gaming Headsets","2799","45"
"ByteWorks Computing","seller-3","ThroneX Ergonomic Gaming Chair","SKU-0066","Gaming & Consoles","Gaming Accessories","Gaming Chairs","12999","52"
"ByteWorks Computing","seller-3","KeyForge RGB Gaming Keyboard","SKU-0067","Gaming & Consoles","PC Gaming","Gaming Keyboards","2999","59"
"ByteWorks Computing","seller-3","GlidePro Viper Gaming Mouse (16K DPI)","SKU-0068","Gaming & Consoles","PC Gaming","Gaming Mice","1799","66"
"ByteWorks Computing","seller-3","WarCry Lite Gaming Headset","SKU-0069","Gaming & Consoles","Gaming Accessories","Gaming Headsets","1499","73"
"ByteWorks Computing","seller-3","PlayPort Handheld Lite (32GB)","SKU-0070","Gaming & Consoles","Consoles","Handheld Consoles","8999","10"
"TechNova Electronics","seller-1","GuardEye 360° WiFi Smart Camera","SKU-0071","Smart Home & IoT","Smart Security","Smart Cameras","2799","4"
"TechNova Electronics","seller-1","GuardEye Outdoor Smart Camera","SKU-0072","Smart Home & IoT","Smart Security","Smart Cameras","3999","24"
"TechNova Electronics","seller-1","RingBell Video Doorbell Pro","SKU-0073","Smart Home & IoT","Smart Security","Video Doorbells","6999","31"
"TechNova Electronics","seller-1","SafeBolt Smart Door Lock (Fingerprint)","SKU-0074","Smart Home & IoT","Smart Security","Smart Locks","11999","38"
"TechNova Electronics","seller-1","PlugMate 16A Smart Plug","SKU-0075","Smart Home & IoT","Smart Controls","Smart Plugs","999","45"
"TechNova Electronics","seller-1","PlugMate 10A Smart Plug (2-Pack)","SKU-0076","Smart Home & IoT","Smart Controls","Smart Plugs","1499","52"
"TechNova Electronics","seller-1","SwitchSense Smart Touch Switchboard","SKU-0077","Smart Home & IoT","Smart Controls","Smart Switches","3499","59"
"TechNova Electronics","seller-1","LumeGlow Smart RGB Bulb 9W","SKU-0078","Smart Home & IoT","Smart Lighting","Smart Bulbs","799","66"
"TechNova Electronics","seller-1","LumeGlow Smart Bulb (4-Pack)","SKU-0079","Smart Home & IoT","Smart Lighting","Smart Bulbs","2799","73"
"TechNova Electronics","seller-1","LumeGlow 5m RGB Light Strip","SKU-0080","Smart Home & IoT","Smart Lighting","Light Strips","1299","10"
"BrightNest Appliances","seller-7","FrostPeak 260L Double Door Refrigerator","SKU-0081","Home Appliances","Large Appliances","Refrigerators","26999","17"
"BrightNest Appliances","seller-7","AquaSpin 7kg Front Load Washing Machine","SKU-0082","Home Appliances","Large Appliances","Washing Machines","28999","3"
"BrightNest Appliances","seller-7","ChillWave 1.5 Ton Inverter Split AC","SKU-0083","Home Appliances","Large Appliances","Air Conditioners","34999","31"
"BrightNest Appliances","seller-7","DustAway Cyclone Vacuum Cleaner","SKU-0084","Home Appliances","Small Appliances","Vacuum Cleaners","5999","38"
"BrightNest Appliances","seller-7","PressEase Steam Iron 1600W","SKU-0085","Home Appliances","Small Appliances","Irons","1299","45"
"BrightNest Appliances","seller-7","PureDrop RO+UV Water Purifier 8L","SKU-0086","Home Appliances","Small Appliances","Water Purifiers","9999","52"
"BrightNest Appliances","seller-7","BreezeMax 1200mm Ceiling Fan","SKU-0087","Home Appliances","Climate Comfort","Fans","1899","59"
"BrightNest Appliances","seller-7","BreezeMax High-Speed Table Fan","SKU-0088","Home Appliances","Climate Comfort","Fans","1499","66"
"BrightNest Appliances","seller-7","WarmNest 2000W Room Heater","SKU-0089","Home Appliances","Climate Comfort","Room Heaters","1999","73"
"BrightNest Appliances","seller-7","AirPure HEPA Air Purifier","SKU-0090","Home Appliances","Climate Comfort","Air Purifiers","8499","10"
"SpiceRoute Kitchen","seller-8","SpiceRoute 5L Pressure Cooker (Induction)","SKU-0091","Kitchen & Dining","Cookware","Pressure Cookers","1799","17"
"SpiceRoute Kitchen","seller-8","SpiceRoute 3L Pressure Cooker","SKU-0092","Kitchen & Dining","Cookware","Pressure Cookers","1299","24"
"SpiceRoute Kitchen","seller-8","GlideCook Non-Stick Pan 26cm","SKU-0093","Kitchen & Dining","Cookware","Non-Stick Pans","899","2"
"SpiceRoute Kitchen","seller-8","GlideCook Kadai with Lid 3.5L","SKU-0094","Kitchen & Dining","Cookware","Kadai & Woks","1199","38"
"SpiceRoute Kitchen","seller-8","BlendMax 750W Mixer Grinder (3 Jars)","SKU-0095","Kitchen & Dining","Kitchen Appliances","Mixer Grinders","3299","45"
"SpiceRoute Kitchen","seller-8","CrispAir 4.5L Digital Air Fryer","SKU-0096","Kitchen & Dining","Kitchen Appliances","Air Fryers","4999","52"
"SpiceRoute Kitchen","seller-8","QuickBoil 1.8L Electric Kettle","SKU-0097","Kitchen & Dining","Kitchen Appliances","Electric Kettles","999","0"
"SpiceRoute Kitchen","seller-8","ClayCraft 18-Piece Ceramic Dinner Set","SKU-0098","Kitchen & Dining","Dining & Serveware","Dinner Sets","2899","66"
"SpiceRoute Kitchen","seller-8","HydraSip Insulated Steel Bottle 1L","SKU-0099","Kitchen & Dining","Dining & Serveware","Water Bottles","799","73"
"SpiceRoute Kitchen","seller-8","MealMate 3-Tier Steel Lunch Box","SKU-0100","Kitchen & Dining","Dining & Serveware","Lunch Boxes","649","10"
"HomeCraft Living","seller-6","CozyNest 3-Seater Fabric Sofa","SKU-0101","Home & Furniture","Living Room","Sofas","24999","17"
"HomeCraft Living","seller-6","CozyNest L-Shape Sofa (Grey)","SKU-0102","Home & Furniture","Living Room","Sofas","38999","24"
"HomeCraft Living","seller-6","OakTown Sheesham Coffee Table","SKU-0103","Home & Furniture","Living Room","Coffee Tables","7999","31"
"HomeCraft Living","seller-6","OakTown Engineered Wood TV Unit","SKU-0104","Home & Furniture","Living Room","TV Units","9499","4"
"HomeCraft Living","seller-6","DreamRest Queen Bed with Storage","SKU-0105","Home & Furniture","Bedroom","Beds","18999","45"
"HomeCraft Living","seller-6","DreamRest Ortho Memory Foam Mattress (Queen)","SKU-0106","Home & Furniture","Bedroom","Mattresses","11999","52"
"HomeCraft Living","seller-6","StoreWell 3-Door Wardrobe","SKU-0107","Home & Furniture","Bedroom","Wardrobes","16999","59"
"HomeCraft Living","seller-6","FocusDesk Engineered Wood Study Desk","SKU-0108","Home & Furniture","Study & Office","Study Desks","5999","66"
"HomeCraft Living","seller-6","ErgoSeat Mesh Office Chair","SKU-0109","Home & Furniture","Study & Office","Office Chairs","7499","73"
"HomeCraft Living","seller-6","OakTown 5-Shelf Bookshelf","SKU-0110","Home & Furniture","Study & Office","Bookshelves","4999","10"
"HomeCraft Living","seller-6","ArtHaus Abstract Canvas Wall Art (Set of 3)","SKU-0111","Home Decor","Wall Decor","Wall Art","1999","17"
"HomeCraft Living","seller-6","TickTock Silent Wall Clock 30cm","SKU-0112","Home Decor","Wall Decor","Clocks","1099","24"
"HomeCraft Living","seller-6","MirrorLux Round Wall Mirror (Gold Frame)","SKU-0113","Home Decor","Wall Decor","Mirrors","2499","31"
"HomeCraft Living","seller-6","WeaveWorks Cushion Covers (Set of 5)","SKU-0114","Home Decor","Soft Furnishing","Cushion Covers","899","38"
"HomeCraft Living","seller-6","DrapeCraft Blackout Curtains (2 Panels)","SKU-0115","Home Decor","Soft Furnishing","Curtains","1599","3"
"HomeCraft Living","seller-6","WeaveWorks Hand-Tufted Rug 5x7","SKU-0116","Home Decor","Soft Furnishing","Rugs","4999","52"
"HomeCraft Living","seller-6","BloomVase Ceramic Vase Duo","SKU-0117","Home Decor","Accents","Vases","1299","59"
"HomeCraft Living","seller-6","GlowNest Scented Candle Trio","SKU-0118","Home Decor","Accents","Candles & Holders","799","66"
"HomeCraft Living","seller-6","MemoryLane Collage Photo Frames (Set of 6)","SKU-0119","Home Decor","Accents","Photo Frames","1199","73"
"HomeCraft Living","seller-6","ArtHaus Madhubani Print Wall Art","SKU-0120","Home Decor","Wall Decor","Wall Art","1499","10"
"BrightNest Appliances","seller-7","LumeGlow Ceramic Table Lamp","SKU-0121","Lighting","Indoor Lighting","Table Lamps","1799","17"
"BrightNest Appliances","seller-7","LumeGlow Tripod Floor Lamp","SKU-0122","Lighting","Indoor Lighting","Floor Lamps","3999","24"
"BrightNest Appliances","seller-7","BrightNest LED Ceiling Light 24W","SKU-0123","Lighting","Indoor Lighting","Ceiling Lights","1499","31"
"BrightNest Appliances","seller-7","TwinkleTree Fairy String Lights 10m","SKU-0124","Lighting","Decorative Lighting","String Lights","499","38"
"BrightNest Appliances","seller-7","TwinkleTree Curtain String Lights","SKU-0125","Lighting","Decorative Lighting","String Lights","899","45"
"BrightNest Appliances","seller-7","HaloGlow Moroccan Metal Lantern","SKU-0126","Lighting","Decorative Lighting","Lanterns","1299","2"
"BrightNest Appliances","seller-7","SunSpike Solar Garden Lights (4-Pack)","SKU-0127","Lighting","Outdoor Lighting","Solar Lights","1599","59"
"BrightNest Appliances","seller-7","SunSpike Solar Pathway Light","SKU-0128","Lighting","Outdoor Lighting","Garden Lights","699","66"
"BrightNest Appliances","seller-7","BrightNest LED Batten 20W (2-Pack)","SKU-0129","Lighting","Indoor Lighting","Ceiling Lights","799","73"
"BrightNest Appliances","seller-7","HaloGlow Hanging Jar Lanterns (Set of 2)","SKU-0130","Lighting","Decorative Lighting","Lanterns","999","10"
"OfficeMate Supplies","seller-19","PowerGrip 13mm Impact Drill 650W","SKU-0131","Tools & Home Improvement","Power Tools","Drills","2799","17"
"OfficeMate Supplies","seller-19","PowerGrip Cordless Drill Driver 12V","SKU-0132","Tools & Home Improvement","Power Tools","Drills","3999","24"
"OfficeMate Supplies","seller-19","PowerGrip Angle Grinder 850W","SKU-0133","Tools & Home Improvement","Power Tools","Angle Grinders","2299","31"
"OfficeMate Supplies","seller-19","FixItAll 108-Piece Tool Kit","SKU-0134","Tools & Home Improvement","Hand Tools","Tool Kits","2499","38"
"OfficeMate Supplies","seller-19","FixItAll Screwdriver Set (32-in-1)","SKU-0135","Tools & Home Improvement","Hand Tools","Screwdriver Sets","699","45"
"OfficeMate Supplies","seller-19","MeasurePro Steel Tape 5m (2-Pack)","SKU-0136","Tools & Home Improvement","Hand Tools","Measuring Tapes","399","52"
"OfficeMate Supplies","seller-19","StepSafe 4-Step Foldable Ladder","SKU-0137","Tools & Home Improvement","Home Utility","Ladders","3299","4"
"OfficeMate Supplies","seller-19","ShelfMate Floating Wall Shelves (Set of 3)","SKU-0138","Tools & Home Improvement","Home Utility","Wall Shelves & Brackets","1299","66"
"OfficeMate Supplies","seller-19","BondFast Heavy-Duty Adhesive Tape Kit","SKU-0139","Tools & Home Improvement","Home Utility","Adhesives & Tapes","499","73"
"OfficeMate Supplies","seller-19","FixItAll Mini Tool Kit (42-Piece)","SKU-0140","Tools & Home Improvement","Hand Tools","Tool Kits","1299","10"
"AutoMoto Hub","seller-16","RoadVolt Dual USB Car Charger","SKU-0141","Automotive","Car Accessories","Car Chargers","599","17"
"AutoMoto Hub","seller-16","ComfortRide Universal Seat Covers (Beige)","SKU-0142","Automotive","Car Accessories","Seat Covers","3999","24"
"AutoMoto Hub","seller-16","RoadEye Full HD Dash Camera","SKU-0143","Automotive","Car Accessories","Dash Cameras","4999","31"
"AutoMoto Hub","seller-16","ShineX Car Shampoo 1L","SKU-0144","Automotive","Car Care","Car Shampoos","449","0"
"AutoMoto Hub","seller-16","ShineX Microfiber Cloths (Pack of 6)","SKU-0145","Automotive","Car Care","Microfiber Cloths","599","45"
"AutoMoto Hub","seller-16","DustAway Car Vacuum Cleaner 12V","SKU-0146","Automotive","Car Care","Vacuum Cleaners","1799","52"
"AutoMoto Hub","seller-16","LubeMax Synthetic Engine Oil 5W-30 (3.5L)","SKU-0147","Automotive","Tyres & Oils","Engine Oils","2499","59"
"AutoMoto Hub","seller-16","AirBoost Digital Tyre Inflator","SKU-0148","Automotive","Tyres & Oils","Tyre Inflators","2299","3"
"AutoMoto Hub","seller-16","RoadEye Rearview Dash Cam Combo","SKU-0149","Automotive","Car Accessories","Dash Cameras","6999","73"
"AutoMoto Hub","seller-16","ComfortRide Car Neck Pillows (Pair)","SKU-0150","Automotive","Car Accessories","Seat Covers","899","10"
"AutoMoto Hub","seller-16","RoadArmor ISI Full-Face Helmet","SKU-0151","Motorcycle Accessories","Rider Gear","Helmets","2499","17"
"AutoMoto Hub","seller-16","RoadArmor Flip-Up Helmet (Matte Black)","SKU-0152","Motorcycle Accessories","Rider Gear","Helmets","3499","24"
"AutoMoto Hub","seller-16","GripTech Riding Gloves (Touchscreen)","SKU-0153","Motorcycle Accessories","Rider Gear","Riding Gloves","999","31"
"AutoMoto Hub","seller-16","RoadArmor Mesh Riding Jacket","SKU-0154","Motorcycle Accessories","Rider Gear","Riding Jackets","4999","38"
"AutoMoto Hub","seller-16","ClampOn Bike Phone Mount (Aluminium)","SKU-0155","Motorcycle Accessories","Bike Add-ons","Phone Mounts","799","45"
"AutoMoto Hub","seller-16","WeatherShield Bike Cover (All Sizes)","SKU-0156","Motorcycle Accessories","Bike Add-ons","Bike Covers","699","52"
"AutoMoto Hub","seller-16","TankGuard Carbon Tank Pad","SKU-0157","Motorcycle Accessories","Bike Add-ons","Tank Pads","349","59"
"AutoMoto Hub","seller-16","ChainMax Chain Lube & Cleaner Combo","SKU-0158","Motorcycle Accessories","Bike Care","Chain Lubes","749","66"
"AutoMoto Hub","seller-16","ShineX Bike Polish 200ml","SKU-0159","Motorcycle Accessories","Bike Care","Bike Polishes","299","2"
"AutoMoto Hub","seller-16","GripTech Winter Riding Gloves","SKU-0160","Motorcycle Accessories","Rider Gear","Riding Gloves","1299","10"
"OfficeMate Supplies","seller-19","MeasurePro Digital Multimeter","SKU-0161","Industrial & Scientific","Measurement & Testing","Multimeters","1299","17"
"OfficeMate Supplies","seller-19","MeasurePro Digital Vernier Caliper 150mm","SKU-0162","Industrial & Scientific","Measurement & Testing","Vernier Calipers","899","24"
"OfficeMate Supplies","seller-19","WeighWell Digital Weighing Scale 50kg","SKU-0163","Industrial & Scientific","Measurement & Testing","Weighing Scales","1499","31"
"OfficeMate Supplies","seller-19","SafeGuard Industrial Safety Helmet","SKU-0164","Industrial & Scientific","Safety Supplies","Safety Helmets","499","38"
"OfficeMate Supplies","seller-19","SafeGuard Cut-Resistant Gloves (Pair)","SKU-0165","Industrial & Scientific","Safety Supplies","Safety Gloves","399","45"
"OfficeMate Supplies","seller-19","SafeGuard Anti-Fog Safety Goggles","SKU-0166","Industrial & Scientific","Safety Supplies","Safety Goggles","349","52"
"OfficeMate Supplies","seller-19","LabVista Student Microscope 1000x","SKU-0167","Industrial & Scientific","Lab Equipment","Microscopes","4999","59"
"OfficeMate Supplies","seller-19","LabVista Borosilicate Beaker Set","SKU-0168","Industrial & Scientific","Lab Equipment","Lab Glassware","899","66"
"OfficeMate Supplies","seller-19","MeasurePro Clamp Meter","SKU-0169","Industrial & Scientific","Measurement & Testing","Multimeters","2199","73"
"OfficeMate Supplies","seller-19","WeighWell Kitchen Precision Scale 10kg","SKU-0170","Industrial & Scientific","Measurement & Testing","Weighing Scales","699","4"
"OfficeMate Supplies","seller-19","PrintMate Ink Tank All-in-One Printer","SKU-0171","Office Products","Office Electronics","Printers","12999","17"
"OfficeMate Supplies","seller-19","PrintMate Laser Printer (Mono)","SKU-0172","Office Products","Office Electronics","Printers","9999","24"
"OfficeMate Supplies","seller-19","TagIt Label Maker with Tape","SKU-0173","Office Products","Office Electronics","Label Makers","2499","31"
"OfficeMate Supplies","seller-19","ShredSafe 10-Sheet Paper Shredder","SKU-0174","Office Products","Office Electronics","Shredders","5999","38"
"OfficeMate Supplies","seller-19","ErgoSeat Executive High-Back Chair","SKU-0175","Office Products","Office Furniture","Ergonomic Chairs","10999","45"
"OfficeMate Supplies","seller-19","RiseDesk Electric Standing Desk","SKU-0176","Office Products","Office Furniture","Standing Desks","21999","52"
"OfficeMate Supplies","seller-19","FileRight Expanding Folders (Pack of 4)","SKU-0177","Office Products","Office Supplies","Files & Folders","599","59"
"OfficeMate Supplies","seller-19","BoardPro Magnetic Whiteboard 3x2ft","SKU-0178","Office Products","Office Supplies","Whiteboards","1299","66"
"OfficeMate Supplies","seller-19","DeskTidy Mesh Organizer Set","SKU-0179","Office Products","Office Supplies","Desk Organizers","799","73"
"OfficeMate Supplies","seller-19","ErgoSeat Task Chair (Fabric)","SKU-0180","Office Products","Office Furniture","Ergonomic Chairs","5999","10"
"PageTurner Books","seller-14","InkFlow Gel Pens (Pack of 10)","SKU-0181","Stationery & School Supplies","Writing","Pens","249","3"
"PageTurner Books","seller-14","InkFlow Fountain Pen Gift Set","SKU-0182","Stationery & School Supplies","Writing","Pens","899","24"
"PageTurner Books","seller-14","GraphEx Drawing Pencils (Set of 12)","SKU-0183","Stationery & School Supplies","Writing","Pencils","349","31"
"PageTurner Books","seller-14","MarkBright Pastel Highlighters (6 Shades)","SKU-0184","Stationery & School Supplies","Writing","Highlighters","299","38"
"PageTurner Books","seller-14","PaperTrail A5 Ruled Notebooks (Pack of 5)","SKU-0185","Stationery & School Supplies","Paper Products","Notebooks","449","45"
"PageTurner Books","seller-14","PaperTrail Sticky Notes Combo (12 Pads)","SKU-0186","Stationery & School Supplies","Paper Products","Sticky Notes","299","52"
"PageTurner Books","seller-14","GraphEx A4 Sketchbook 120GSM","SKU-0187","Stationery & School Supplies","Paper Products","Sketchbooks","399","59"
"PageTurner Books","seller-14","MathMate Geometry Box","SKU-0188","Stationery & School Supplies","School Gear","Geometry Boxes","249","66"
"PageTurner Books","seller-14","CarryAll Ergo School Bag (Blue)","SKU-0189","Stationery & School Supplies","School Gear","School Bags","1299","73"
"PageTurner Books","seller-14","ZipKeep Large Pencil Case","SKU-0190","Stationery & School Supplies","School Gear","Pencil Cases","349","10"
"PageTurner Books","seller-14","The Monsoon Library (Paperback)","SKU-0191","Books","Fiction","Literary Fiction","399","0"
"PageTurner Books","seller-14","Midnight on Marine Drive (Thriller)","SKU-0192","Books","Fiction","Thrillers","349","2"
"PageTurner Books","seller-14","The Cartographer's Daughter (Fantasy)","SKU-0193","Books","Fiction","Fantasy","449","31"
"PageTurner Books","seller-14","Deep Work Habits (Self-Help)","SKU-0194","Books","Non-Fiction","Self-Help","299","38"
"PageTurner Books","seller-14","The Chai Entrepreneur (Business)","SKU-0195","Books","Non-Fiction","Business","399","45"
"PageTurner Books","seller-14","Wings of Steel: A Biography","SKU-0196","Books","Non-Fiction","Biographies","499","52"
"PageTurner Books","seller-14","Quantitative Aptitude Master Guide","SKU-0197","Books","Academic","Exam Prep","649","59"
"PageTurner Books","seller-14","English Grammar & Composition Reference","SKU-0198","Books","Academic","Reference","549","66"
"PageTurner Books","seller-14","The Spice Trail Cookbook","SKU-0199","Books","Non-Fiction","Self-Help","599","73"
"PageTurner Books","seller-14","Ocean of Stories: Collected Tales","SKU-0200","Books","Fiction","Literary Fiction","449","10"
"LensCraft Studio","seller-4","Classic Ragas Vinyl Record","SKU-0201","Movies, Music & Games","Music","Vinyl Records","1499","17"
"LensCraft Studio","seller-4","Bollywood Gold Hits (Audio CD Box)","SKU-0202","Movies, Music & Games","Music","Audio CDs","599","24"
"LensCraft Studio","seller-4","Indie Fusion Vinyl LP","SKU-0203","Movies, Music & Games","Music","Vinyl Records","1299","4"
"LensCraft Studio","seller-4","Epic Space Saga Trilogy (Blu-ray)","SKU-0204","Movies, Music & Games","Movies","Blu-rays","1999","38"
"LensCraft Studio","seller-4","Classic Comedy Collection (DVD Box Set)","SKU-0205","Movies, Music & Games","Movies","DVD Box Sets","899","45"
"LensCraft Studio","seller-4","Award Winners Anthology (Blu-ray)","SKU-0206","Movies, Music & Games","Movies","Blu-rays","1499","52"
"LensCraft Studio","seller-4","Kingdom Quest V (Console Game)","SKU-0207","Movies, Music & Games","Video Games","Console Games","3499","59"
"LensCraft Studio","seller-4","Street Racer Turbo (Console Game)","SKU-0208","Movies, Music & Games","Video Games","Console Games","2999","66"
"LensCraft Studio","seller-4","Empire Builder Deluxe (PC Game)","SKU-0209","Movies, Music & Games","Video Games","PC Games","1999","73"
"LensCraft Studio","seller-4","Mystery Manor Detective (PC Game)","SKU-0210","Movies, Music & Games","Video Games","PC Games","1499","10"
"LittleSprouts Baby","seller-15","BrickCraft City Builder Set (560 pcs)","SKU-0211","Toys & Games","Building & Learning","Building Blocks","1999","17"
"LittleSprouts Baby","seller-15","BrickCraft Space Station Set (780 pcs)","SKU-0212","Toys & Games","Building & Learning","Building Blocks","2999","24"
"LittleSprouts Baby","seller-15","CurioKit Solar Robot STEM Kit","SKU-0213","Toys & Games","Building & Learning","STEM Kits","1499","31"
"LittleSprouts Baby","seller-15","PuzzlePeak 1000-Piece Jigsaw (Himalayas)","SKU-0214","Toys & Games","Building & Learning","Puzzles","699","3"
"LittleSprouts Baby","seller-15","HeroForge Action Figure (Astro Knight)","SKU-0215","Toys & Games","Action & Play","Action Figures","899","45"
"LittleSprouts Baby","seller-15","SkyDash RC Stunt Car","SKU-0216","Toys & Games","Action & Play","RC Toys","1799","52"
"LittleSprouts Baby","seller-15","SnugPaws Giant Teddy Bear 90cm","SKU-0217","Toys & Games","Action & Play","Soft Toys","1299","59"
"LittleSprouts Baby","seller-15","TableTop Trade Empire Board Game","SKU-0218","Toys & Games","Family Games","Board Games","1499","66"
"LittleSprouts Baby","seller-15","TableTop Quick Draw Card Game","SKU-0219","Toys & Games","Family Games","Card Games","399","73"
"LittleSprouts Baby","seller-15","CurioKit Crystal Science Lab","SKU-0220","Toys & Games","Building & Learning","STEM Kits","999","10"
"LittleSprouts Baby","seller-15","SoftCloud Diapers Size M (Pack of 72)","SKU-0221","Baby Products","Baby Care","Diapers","899","17"
"LittleSprouts Baby","seller-15","SoftCloud Water Baby Wipes (6 Packs)","SKU-0222","Baby Products","Baby Care","Baby Wipes","599","24"
"LittleSprouts Baby","seller-15","TinyGlow Baby Lotion & Wash Combo","SKU-0223","Baby Products","Baby Care","Baby Skincare","499","31"
"LittleSprouts Baby","seller-15","SipSafe Anti-Colic Feeding Bottles (2-Pack)","SKU-0224","Baby Products","Feeding","Feeding Bottles","649","38"
"LittleSprouts Baby","seller-15","SipSafe Electric Steam Sterilizer","SKU-0225","Baby Products","Feeding","Sterilizers","2499","2"
"LittleSprouts Baby","seller-15","MunchMate Foldable High Chair","SKU-0226","Baby Products","Feeding","High Chairs","3999","52"
"LittleSprouts Baby","seller-15","StrollEase Lightweight Stroller","SKU-0227","Baby Products","Baby Travel","Strollers","6999","59"
"LittleSprouts Baby","seller-15","HugRight Ergonomic Baby Carrier","SKU-0228","Baby Products","Baby Travel","Baby Carriers","2999","66"
"LittleSprouts Baby","seller-15","RideSafe Convertible Car Seat","SKU-0229","Baby Products","Baby Travel","Car Seats","8999","73"
"LittleSprouts Baby","seller-15","TinyGlow Baby Massage Oil 200ml","SKU-0230","Baby Products","Baby Care","Baby Skincare","349","10"
"StrideZone Footwear","seller-10","MiniTrend Boys Graphic T-Shirts (3-Pack)","SKU-0231","Kids' Fashion","Boys' Clothing","T-Shirts","799","17"
"StrideZone Footwear","seller-10","MiniTrend Boys Dino Print T-Shirt","SKU-0232","Kids' Fashion","Boys' Clothing","T-Shirts","349","24"
"StrideZone Footwear","seller-10","MiniTrend Boys Stretch Jeans","SKU-0233","Kids' Fashion","Boys' Clothing","Jeans & Trousers","899","31"
"StrideZone Footwear","seller-10","MiniTrend Boys Cargo Trousers","SKU-0234","Kids' Fashion","Boys' Clothing","Jeans & Trousers","799","38"
"StrideZone Footwear","seller-10","TwirlTales Girls Party Frock (Floral)","SKU-0235","Kids' Fashion","Girls' Clothing","Frocks & Dresses","999","45"
"StrideZone Footwear","seller-10","TwirlTales Girls Cotton Dress","SKU-0236","Kids' Fashion","Girls' Clothing","Frocks & Dresses","699","4"
"StrideZone Footwear","seller-10","TwirlTales Girls Leggings Set (3-Pack)","SKU-0237","Kids' Fashion","Girls' Clothing","Leggings Sets","749","59"
"StrideZone Footwear","seller-10","MiniTrend Kids Snapback Cap","SKU-0238","Kids' Fashion","Kids' Accessories","Kids' Caps","299","0"
"StrideZone Footwear","seller-10","CarryAll Junior Cartoon Backpack","SKU-0239","Kids' Fashion","Kids' Accessories","Kids' Backpacks","899","73"
"StrideZone Footwear","seller-10","TwirlTales Girls Festive Lehenga Set","SKU-0240","Kids' Fashion","Girls' Clothing","Frocks & Dresses","1499","10"
"UrbanWeave Fashion","seller-9","UrbanWeave Crew Neck T-Shirt (Navy)","SKU-0241","Men's Fashion","Topwear","T-Shirts","599","17"
"UrbanWeave Fashion","seller-9","UrbanWeave Oversized Graphic Tee","SKU-0242","Men's Fashion","Topwear","T-Shirts","699","24"
"UrbanWeave Fashion","seller-9","UrbanWeave Linen Casual Shirt","SKU-0243","Men's Fashion","Topwear","Casual Shirts","1299","31"
"UrbanWeave Fashion","seller-9","CrispLine Slim Fit Formal Shirt","SKU-0244","Men's Fashion","Topwear","Formal Shirts","1199","38"
"UrbanWeave Fashion","seller-9","DenimForge Slim Tapered Jeans","SKU-0245","Men's Fashion","Bottomwear","Jeans","1899","45"
"UrbanWeave Fashion","seller-9","DenimForge Relaxed Fit Jeans","SKU-0246","Men's Fashion","Bottomwear","Jeans","1699","52"
"UrbanWeave Fashion","seller-9","UrbanWeave Stretch Chinos (Khaki)","SKU-0247","Men's Fashion","Bottomwear","Chinos","1499","3"
"UrbanWeave Fashion","seller-9","FlexMove Track Pants (2-Pack)","SKU-0248","Men's Fashion","Bottomwear","Track Pants","1099","66"
"UrbanWeave Fashion","seller-9","HeritageThread Chikankari Kurta","SKU-0249","Men's Fashion","Ethnic & Outerwear","Kurtas","1299","73"
"UrbanWeave Fashion","seller-9","NorthPeak Bomber Jacket","SKU-0250","Men's Fashion","Ethnic & Outerwear","Jackets","2499","10"
"UrbanWeave Fashion","seller-9","UrbanWeave Ribbed Knit Top","SKU-0251","Women's Fashion","Western Wear","Tops","799","17"
"UrbanWeave Fashion","seller-9","UrbanWeave Floral Wrap Dress","SKU-0252","Women's Fashion","Western Wear","Dresses","1599","24"
"UrbanWeave Fashion","seller-9","DenimForge High-Rise Skinny Jeans","SKU-0253","Women's Fashion","Western Wear","Jeans","1799","31"
"UrbanWeave Fashion","seller-9","HeritageThread Anarkali Kurti","SKU-0254","Women's Fashion","Ethnic Wear","Kurtis","1399","38"
"UrbanWeave Fashion","seller-9","HeritageThread Printed Cotton Kurti","SKU-0255","Women's Fashion","Ethnic Wear","Kurtis","899","45"
"UrbanWeave Fashion","seller-9","SilkStory Banarasi Silk Saree","SKU-0256","Women's Fashion","Ethnic Wear","Sarees","3999","52"
"UrbanWeave Fashion","seller-9","SilkStory Georgette Saree (Teal)","SKU-0257","Women's Fashion","Ethnic Wear","Sarees","1999","59"
"UrbanWeave Fashion","seller-9","HeritageThread Festive Lehenga Set","SKU-0258","Women's Fashion","Ethnic Wear","Lehenga Sets","4999","2"
"UrbanWeave Fashion","seller-9","SnugKnit Longline Cardigan","SKU-0259","Women's Fashion","Winter Wear","Cardigans","1299","73"
"UrbanWeave Fashion","seller-9","SnugKnit Knitted Shrug (Beige)","SKU-0260","Women's Fashion","Winter Wear","Shrugs","899","10"
"StrideZone Footwear","seller-10","StrideZone AeroRun Running Shoes","SKU-0261","Footwear","Men's Footwear","Running Shoes","1799","17"
"StrideZone Footwear","seller-10","StrideZone CloudWalk Sneakers","SKU-0262","Footwear","Men's Footwear","Sneakers","1499","24"
"StrideZone Footwear","seller-10","OxfordLane Leather Formal Shoes","SKU-0263","Footwear","Men's Footwear","Formal Shoes","2499","31"
"StrideZone Footwear","seller-10","GraceStep Ballet Flats (Nude)","SKU-0264","Footwear","Women's Footwear","Flats","999","38"
"StrideZone Footwear","seller-10","GraceStep Block Heels (Black)","SKU-0265","Footwear","Women's Footwear","Heels","1499","45"
"StrideZone Footwear","seller-10","StrideZone Women's Sports Shoes","SKU-0266","Footwear","Women's Footwear","Sports Shoes","1699","52"
"StrideZone Footwear","seller-10","EasyWalk Comfort Sandals","SKU-0267","Footwear","Everyday Footwear","Sandals","799","59"
"StrideZone Footwear","seller-10","EasyWalk Cushion Flip Flops","SKU-0268","Footwear","Everyday Footwear","Flip Flops","399","66"
"StrideZone Footwear","seller-10","StrideZone TrailGrip Running Shoes","SKU-0269","Footwear","Men's Footwear","Running Shoes","2199","4"
"StrideZone Footwear","seller-10","GraceStep Embellished Flats","SKU-0270","Footwear","Women's Footwear","Flats","1199","10"
"TimeAxis Watches","seller-11","TimeAxis Heritage Analog Watch (Leather)","SKU-0271","Watches","Men's Watches","Analog Watches","4999","17"
"TimeAxis Watches","seller-11","TimeAxis Steel Chronograph","SKU-0272","Watches","Men's Watches","Chronographs","7999","24"
"TimeAxis Watches","seller-11","TimeAxis Minimal Analog (Mesh Strap)","SKU-0273","Watches","Men's Watches","Analog Watches","3499","31"
"TimeAxis Watches","seller-11","LunaTime Rose Gold Analog Watch","SKU-0274","Watches","Women's Watches","Analog Watches","3999","38"
"TimeAxis Watches","seller-11","LunaTime Pearl Bracelet Watch","SKU-0275","Watches","Women's Watches","Bracelet Watches","4499","45"
"TimeAxis Watches","seller-11","LunaTime Slim Ceramic Watch","SKU-0276","Watches","Women's Watches","Analog Watches","5499","52"
"TimeAxis Watches","seller-11","TimeAxis Quick-Release Leather Straps (2-Pack)","SKU-0277","Watches","Watch Accessories","Watch Straps","799","59"
"TimeAxis Watches","seller-11","TimeAxis 6-Slot Watch Box (Wooden)","SKU-0278","Watches","Watch Accessories","Watch Boxes","1499","66"
"TimeAxis Watches","seller-11","TimeAxis Field Analog Watch","SKU-0279","Watches","Men's Watches","Analog Watches","2999","73"
"TimeAxis Watches","seller-11","LunaTime Charm Bracelet Watch","SKU-0280","Watches","Women's Watches","Bracelet Watches","3499","3"
"TimeAxis Watches","seller-11","AuraGems Sterling Silver Studs","SKU-0281","Jewelry","Everyday Jewelry","Earrings","1299","17"
"TimeAxis Watches","seller-11","AuraGems Solitaire Pendant with Chain","SKU-0282","Jewelry","Everyday Jewelry","Pendants & Chains","1999","24"
"TimeAxis Watches","seller-11","AuraGems Stackable Rings (Set of 3)","SKU-0283","Jewelry","Everyday Jewelry","Rings","1499","31"
"TimeAxis Watches","seller-11","RajRatna Antique Gold-Plated Jhumkas","SKU-0284","Jewelry","Traditional Jewelry","Jhumkas","899","38"
"TimeAxis Watches","seller-11","RajRatna Kundan Bangles (Set of 4)","SKU-0285","Jewelry","Traditional Jewelry","Bangles","1299","0"
"TimeAxis Watches","seller-11","RajRatna Pearl Maang Tikka","SKU-0286","Jewelry","Traditional Jewelry","Maang Tikkas","699","52"
"TimeAxis Watches","seller-11","IronOak Men's Leather Bracelet","SKU-0287","Jewelry","Men's Jewelry","Bracelets","799","59"
"TimeAxis Watches","seller-11","IronOak Stainless Curb Chain","SKU-0288","Jewelry","Men's Jewelry","Chains","999","66"
"TimeAxis Watches","seller-11","AuraGems Evil Eye Pendant","SKU-0289","Jewelry","Everyday Jewelry","Pendants & Chains","899","73"
"TimeAxis Watches","seller-11","RajRatna Temple Jhumkas (South Indian)","SKU-0290","Jewelry","Traditional Jewelry","Jhumkas","1099","10"
"GlowLeaf Beauty","seller-12","GlowLeaf Vitamin C Face Wash","SKU-0291","Beauty & Personal Care","Skincare","Face Wash","349","2"
"GlowLeaf Beauty","seller-12","GlowLeaf Hyaluronic Moisturizer","SKU-0292","Beauty & Personal Care","Skincare","Moisturizers","549","24"
"GlowLeaf Beauty","seller-12","SunVeil SPF50 PA+++ Sunscreen","SKU-0293","Beauty & Personal Care","Skincare","Sunscreens","499","31"
"GlowLeaf Beauty","seller-12","GlowLeaf 10% Niacinamide Serum","SKU-0294","Beauty & Personal Care","Skincare","Serums","599","38"
"GlowLeaf Beauty","seller-12","HerbRoots Onion Anti-Hairfall Shampoo","SKU-0295","Beauty & Personal Care","Haircare","Shampoos","449","45"
"GlowLeaf Beauty","seller-12","HerbRoots Cold-Pressed Coconut Hair Oil","SKU-0296","Beauty & Personal Care","Haircare","Hair Oils","299","52"
"GlowLeaf Beauty","seller-12","StylePro Ionic Hair Dryer 1800W","SKU-0297","Beauty & Personal Care","Haircare","Hair Styling Tools","1799","59"
"GlowLeaf Beauty","seller-12","VelvetHue Matte Lipstick (Crimson)","SKU-0298","Beauty & Personal Care","Makeup","Lipsticks","499","66"
"GlowLeaf Beauty","seller-12","VelvetHue Smudge-Proof Kajal","SKU-0299","Beauty & Personal Care","Makeup","Kajal & Liners","249","73"
"GlowLeaf Beauty","seller-12","VelvetHue Second-Skin Foundation","SKU-0300","Beauty & Personal Care","Makeup","Foundations","699","10"
"GlowLeaf Beauty","seller-12","VitaCore Daily Multivitamin (60 Tabs)","SKU-0301","Health & Wellness","Supplements","Multivitamins","649","17"
"GlowLeaf Beauty","seller-12","VitaCore Whey Protein 1kg (Chocolate)","SKU-0302","Health & Wellness","Supplements","Protein Supplements","2499","4"
"GlowLeaf Beauty","seller-12","VitaCore Omega-3 Fish Oil (90 Caps)","SKU-0303","Health & Wellness","Supplements","Omega-3","799","31"
"GlowLeaf Beauty","seller-12","MediSense Digital BP Monitor","SKU-0304","Health & Wellness","Health Devices","BP Monitors","1999","38"
"GlowLeaf Beauty","seller-12","MediSense Infrared Thermometer","SKU-0305","Health & Wellness","Health Devices","Thermometers","1299","45"
"GlowLeaf Beauty","seller-12","ReliefPro Neck & Shoulder Massager","SKU-0306","Health & Wellness","Health Devices","Massagers","2999","52"
"GlowLeaf Beauty","seller-12","HerbRoots Chyawanprash Immunity Blend 1kg","SKU-0307","Health & Wellness","Everyday Wellness","Immunity Boosters","449","59"
"GlowLeaf Beauty","seller-12","CalmNight Melatonin Gummies","SKU-0308","Health & Wellness","Everyday Wellness","Sleep Aids","599","66"
"GlowLeaf Beauty","seller-12","VitaCore Plant Protein 500g","SKU-0309","Health & Wellness","Supplements","Protein Supplements","1499","73"
"GlowLeaf Beauty","seller-12","MediSense Pulse Oximeter","SKU-0310","Health & Wellness","Health Devices","Thermometers","999","10"
"SpiceRoute Kitchen","seller-8","OrchardCrate Premium Almonds 500g","SKU-0311","Grocery & Gourmet Foods","Staples & Snacks","Dry Fruits","649","17"
"SpiceRoute Kitchen","seller-8","OrchardCrate Mixed Dry Fruits Gift Tin","SKU-0312","Grocery & Gourmet Foods","Staples & Snacks","Dry Fruits","999","24"
"SpiceRoute Kitchen","seller-8","CrunchBox Baked Snack Assortment","SKU-0313","Grocery & Gourmet Foods","Staples & Snacks","Snack Boxes","499","3"
"SpiceRoute Kitchen","seller-8","MorningFuel Muesli Fruit & Nut 1kg","SKU-0314","Grocery & Gourmet Foods","Staples & Snacks","Breakfast Cereals","449","38"
"SpiceRoute Kitchen","seller-8","LeafSong Darjeeling Whole-Leaf Tea 250g","SKU-0315","Grocery & Gourmet Foods","Beverages","Teas","399","45"
"SpiceRoute Kitchen","seller-8","RoastHouse Single-Origin Filter Coffee 500g","SKU-0316","Grocery & Gourmet Foods","Beverages","Coffees","549","52"
"SpiceRoute Kitchen","seller-8","MorningFuel Malt Health Drink 750g","SKU-0317","Grocery & Gourmet Foods","Beverages","Health Drinks","349","59"
"SpiceRoute Kitchen","seller-8","CacaoCraft 72% Dark Chocolate (Pack of 3)","SKU-0318","Grocery & Gourmet Foods","Gourmet","Chocolates","599","66"
"SpiceRoute Kitchen","seller-8","WildHive Raw Forest Honey 500g","SKU-0319","Grocery & Gourmet Foods","Gourmet","Honey & Spreads","449","73"
"SpiceRoute Kitchen","seller-8","SpiceRoute Garam Masala Kit (6 Spices)","SKU-0320","Grocery & Gourmet Foods","Gourmet","Spice Kits","549","10"
"PetJoy Supplies","seller-17","PetJoy Adult Dog Food Chicken 3kg","SKU-0321","Pet Supplies","Dog Supplies","Dog Food","899","17"
"PetJoy Supplies","seller-17","PetJoy Puppy Starter Food 1.2kg","SKU-0322","Pet Supplies","Dog Supplies","Dog Food","499","24"
"PetJoy Supplies","seller-17","ChewChamp Rubber Bone Toy Set","SKU-0323","Pet Supplies","Dog Supplies","Dog Toys","449","31"
"PetJoy Supplies","seller-17","WalkSafe Reflective Leash & Collar Set","SKU-0324","Pet Supplies","Dog Supplies","Leashes & Collars","699","2"
"PetJoy Supplies","seller-17","PetJoy Ocean Fish Cat Food 1.2kg","SKU-0325","Pet Supplies","Cat Supplies","Cat Food","449","45"
"PetJoy Supplies","seller-17","FreshNest Clumping Cat Litter 5kg","SKU-0326","Pet Supplies","Cat Supplies","Litter & Trays","549","52"
"PetJoy Supplies","seller-17","ChewChamp Sisal Cat Scratcher Post","SKU-0327","Pet Supplies","Cat Supplies","Scratchers","999","59"
"PetJoy Supplies","seller-17","AquaWorld 20L Aquarium Starter Kit","SKU-0328","Pet Supplies","Small Pets & Aquatics","Aquarium Kits","2499","66"
"PetJoy Supplies","seller-17","SkyPerch Large Bird Cage","SKU-0329","Pet Supplies","Small Pets & Aquatics","Bird Cages","1999","73"
"PetJoy Supplies","seller-17","WalkSafe Dog Harness (Medium)","SKU-0330","Pet Supplies","Dog Supplies","Leashes & Collars","599","10"
"FitPulse Sports","seller-13","CoverDrive English Willow Cricket Bat","SKU-0331","Sports & Outdoors","Team Sports","Cricket Gear","3999","17"
"FitPulse Sports","seller-13","CoverDrive Cricket Kit Bag (Full)","SKU-0332","Sports & Outdoors","Team Sports","Cricket Gear","5999","0"
"FitPulse Sports","seller-13","StrikeGoal Match Football (Size 5)","SKU-0333","Sports & Outdoors","Team Sports","Footballs","899","31"
"FitPulse Sports","seller-13","FeatherFast Carbon Badminton Rackets (Pair)","SKU-0334","Sports & Outdoors","Team Sports","Badminton Rackets","1999","38"
"FitPulse Sports","seller-13","TrailNest 4-Person Dome Tent","SKU-0335","Sports & Outdoors","Outdoor Adventure","Tents","4999","4"
"FitPulse Sports","seller-13","TrailNest Anti-Shock Trekking Poles (Pair)","SKU-0336","Sports & Outdoors","Outdoor Adventure","Trekking Poles","1299","52"
"FitPulse Sports","seller-13","TrailNest All-Season Sleeping Bag","SKU-0337","Sports & Outdoors","Outdoor Adventure","Sleeping Bags","1999","59"
"FitPulse Sports","seller-13","PedalPro 21-Speed MTB Bicycle","SKU-0338","Sports & Outdoors","Cycling","Bicycles","12999","66"
"FitPulse Sports","seller-13","PedalPro Ventilated Cycling Helmet","SKU-0339","Sports & Outdoors","Cycling","Cycling Helmets","1499","73"
"FitPulse Sports","seller-13","StrikeGoal Training Football (Size 4)","SKU-0340","Sports & Outdoors","Team Sports","Footballs","599","10"
"FitPulse Sports","seller-13","FitPulse Hex Dumbbells 5kg Pair","SKU-0341","Fitness Equipment","Strength Training","Dumbbells","1499","17"
"FitPulse Sports","seller-13","FitPulse Adjustable Dumbbell Set 20kg","SKU-0342","Fitness Equipment","Strength Training","Dumbbells","4999","24"
"FitPulse Sports","seller-13","FitPulse Cast Iron Kettlebell 8kg","SKU-0343","Fitness Equipment","Strength Training","Kettlebells","1299","31"
"FitPulse Sports","seller-13","StretchBand Resistance Bands (Set of 5)","SKU-0344","Fitness Equipment","Strength Training","Resistance Bands","699","38"
"FitPulse Sports","seller-13","StrideMax Motorised Treadmill 2HP","SKU-0345","Fitness Equipment","Cardio Machines","Treadmills","27999","45"
"FitPulse Sports","seller-13","StrideMax Magnetic Exercise Bike","SKU-0346","Fitness Equipment","Cardio Machines","Exercise Bikes","11999","3"
"FitPulse Sports","seller-13","SkipFit Speed Skipping Rope (Bearing)","SKU-0347","Fitness Equipment","Cardio Machines","Skipping Ropes","349","59"
"FitPulse Sports","seller-13","ZenFlow 6mm Anti-Slip Yoga Mat","SKU-0348","Fitness Equipment","Yoga & Recovery","Yoga Mats","999","66"
"FitPulse Sports","seller-13","ZenFlow High-Density Foam Roller","SKU-0349","Fitness Equipment","Yoga & Recovery","Foam Rollers","799","73"
"FitPulse Sports","seller-13","ReliefPro Percussion Massage Gun","SKU-0350","Fitness Equipment","Yoga & Recovery","Massage Guns","3499","10"
"FestiveNest Gifting","seller-20","JetSet Hard-Shell Trolley 65cm","SKU-0351","Luggage & Travel","Luggage","Trolley Bags","4999","17"
"FestiveNest Gifting","seller-20","JetSet Cabin Trolley 55cm","SKU-0352","Luggage & Travel","Luggage","Cabin Luggage","3499","24"
"FestiveNest Gifting","seller-20","JetSet Foldable Duffel 40L","SKU-0353","Luggage & Travel","Luggage","Duffel Bags","1499","31"
"FestiveNest Gifting","seller-20","CarryAll Anti-Theft Laptop Backpack","SKU-0354","Luggage & Travel","Backpacks","Laptop Backpacks","2199","38"
"FestiveNest Gifting","seller-20","TrailNest 55L Travel Backpack","SKU-0355","Luggage & Travel","Backpacks","Travel Backpacks","2999","45"
"FestiveNest Gifting","seller-20","DreamEase Memory Foam Neck Pillow","SKU-0356","Luggage & Travel","Travel Accessories","Neck Pillows","699","52"
"FestiveNest Gifting","seller-20","PackRight Packing Cubes (Set of 6)","SKU-0357","Luggage & Travel","Travel Accessories","Packing Cubes","899","2"
"FestiveNest Gifting","seller-20","GlobeVolt Universal Travel Adapter","SKU-0358","Luggage & Travel","Travel Accessories","Travel Adapters","799","66"
"FestiveNest Gifting","seller-20","JetSet Trolley Set (55+65+75cm)","SKU-0359","Luggage & Travel","Luggage","Trolley Bags","10999","73"
"FestiveNest Gifting","seller-20","CarryAll Commuter Backpack 25L","SKU-0360","Luggage & Travel","Backpacks","Laptop Backpacks","1499","10"
"MelodyMakers Instruments","seller-18","StrumLine 41-inch Acoustic Guitar","SKU-0361","Musical Instruments","String Instruments","Acoustic Guitars","5999","17"
"MelodyMakers Instruments","seller-18","StrumLine Concert Ukulele (Mahogany)","SKU-0362","Musical Instruments","String Instruments","Ukuleles","2499","24"
"MelodyMakers Instruments","seller-18","VoltString Electric Guitar (Sunburst)","SKU-0363","Musical Instruments","String Instruments","Electric Guitars","11999","31"
"MelodyMakers Instruments","seller-18","MelodyKeys 61-Key Keyboard","SKU-0364","Musical Instruments","Keys & Percussion","Keyboards","6999","38"
"MelodyMakers Instruments","seller-18","BeatBox Birch Cajon","SKU-0365","Musical Instruments","Keys & Percussion","Cajons","3999","45"
"MelodyMakers Instruments","seller-18","TaalRaj Professional Tabla Set","SKU-0366","Musical Instruments","Keys & Percussion","Tablas","5499","52"
"MelodyMakers Instruments","seller-18","StrumLine Phosphor Bronze Strings (3 Sets)","SKU-0367","Musical Instruments","Instrument Accessories","Guitar Strings","599","59"
"MelodyMakers Instruments","seller-18","TuneRight Clip-On Tuner & Capo Combo","SKU-0368","Musical Instruments","Instrument Accessories","Capos & Tuners","699","4"
"MelodyMakers Instruments","seller-18","GigBag Padded Guitar Bag","SKU-0369","Musical Instruments","Instrument Accessories","Instrument Bags","999","73"
"MelodyMakers Instruments","seller-18","MelodyKeys 37-Key Mini Keyboard (Kids)","SKU-0370","Musical Instruments","Keys & Percussion","Keyboards","2499","10"
"MelodyMakers Instruments","seller-18","ChromaBrush Acrylic Paint Set (24 Shades)","SKU-0371","Arts, Crafts & Sewing","Painting & Drawing","Acrylic Paint Sets","899","17"
"MelodyMakers Instruments","seller-18","GraphEx Artist Sketch Pencils (Tin of 12)","SKU-0372","Arts, Crafts & Sewing","Painting & Drawing","Sketch Pencils","499","24"
"MelodyMakers Instruments","seller-18","ChromaBrush Stretched Canvases (Pack of 4)","SKU-0373","Arts, Crafts & Sewing","Painting & Drawing","Canvases","799","31"
"MelodyMakers Instruments","seller-18","FoldArt Origami Paper Kit (200 Sheets)","SKU-0374","Arts, Crafts & Sewing","Craft Supplies","Origami Paper","349","38"
"MelodyMakers Instruments","seller-18","CraftBond Hot Glue Gun with 30 Sticks","SKU-0375","Arts, Crafts & Sewing","Craft Supplies","Glue Guns","599","45"
"MelodyMakers Instruments","seller-18","FoldArt DIY Home Craft Kit","SKU-0376","Arts, Crafts & Sewing","Craft Supplies","Craft Kits","999","52"
"MelodyMakers Instruments","seller-18","StitchQueen Mini Sewing Machine","SKU-0377","Arts, Crafts & Sewing","Sewing & Embroidery","Sewing Machines","3499","59"
"MelodyMakers Instruments","seller-18","StitchQueen Embroidery Starter Kit","SKU-0378","Arts, Crafts & Sewing","Sewing & Embroidery","Embroidery Kits","799","66"
"MelodyMakers Instruments","seller-18","WoolWorks Acrylic Yarn Combo (8 Balls)","SKU-0379","Arts, Crafts & Sewing","Sewing & Embroidery","Yarn & Wool","649","0"
"MelodyMakers Instruments","seller-18","ChromaBrush Watercolor Field Kit","SKU-0380","Arts, Crafts & Sewing","Painting & Drawing","Acrylic Paint Sets","749","10"
"PetJoy Supplies","seller-17","GreenNest Self-Watering Planters (Set of 3)","SKU-0381","Garden & Outdoor Living","Gardening","Planters & Pots","899","17"
"PetJoy Supplies","seller-17","GreenNest Terracotta Pots (Set of 4)","SKU-0382","Garden & Outdoor Living","Gardening","Planters & Pots","699","24"
"PetJoy Supplies","seller-17","SproutSeed Herb Garden Seed Kit","SKU-0383","Garden & Outdoor Living","Gardening","Seeds & Bulbs","449","31"
"PetJoy Supplies","seller-17","GreenNest 5-Piece Garden Tool Set","SKU-0384","Garden & Outdoor Living","Gardening","Garden Tools","999","38"
"PetJoy Supplies","seller-17","PatioLux 4-Piece Balcony Set","SKU-0385","Garden & Outdoor Living","Outdoor Furniture","Patio Sets","12999","45"
"PetJoy Supplies","seller-17","SwaySoft Cotton Hammock with Stand","SKU-0386","Garden & Outdoor Living","Outdoor Furniture","Hammocks","3999","52"
"PetJoy Supplies","seller-17","PatioLux Hanging Swing Chair","SKU-0387","Garden & Outdoor Living","Outdoor Furniture","Swing Chairs","7999","59"
"PetJoy Supplies","seller-17","GreenNest Long-Spout Watering Can 5L","SKU-0388","Garden & Outdoor Living","Outdoor Essentials","Watering Cans","499","66"
"PetJoy Supplies","seller-17","SkyPerch Hanging Bird Feeder","SKU-0389","Garden & Outdoor Living","Outdoor Essentials","Bird Feeders","399","73"
"PetJoy Supplies","seller-17","SproutSeed Flower Bulb Mix (30 Bulbs)","SKU-0390","Garden & Outdoor Living","Gardening","Seeds & Bulbs","549","2"
"FestiveNest Gifting","seller-20","FestiveNest Dry Fruit & Chocolate Hamper","SKU-0391","Gifts & Gift Cards","Gift Sets","Gift Hampers","1499","17"
"FestiveNest Gifting","seller-20","FestiveNest Spa Gift Hamper","SKU-0392","Gifts & Gift Cards","Gift Sets","Gift Hampers","1999","24"
"FestiveNest Gifting","seller-20","DeskJoy Corporate Gift Set (Diary + Pen + Mug)","SKU-0393","Gifts & Gift Cards","Gift Sets","Corporate Gift Sets","1299","31"
"FestiveNest Gifting","seller-20","MemoryLane Personalized Photo Mug","SKU-0394","Gifts & Gift Cards","Personalized Gifts","Photo Mugs","449","38"
"FestiveNest Gifting","seller-20","MemoryLane Engraved Wooden Keepsake Box","SKU-0395","Gifts & Gift Cards","Personalized Gifts","Engraved Keepsakes","999","45"
"FestiveNest Gifting","seller-20","MemoryLane Custom Photo Cushion","SKU-0396","Gifts & Gift Cards","Personalized Gifts","Custom Cushions","699","52"
"FestiveNest Gifting","seller-20","ShopSphere E-Gift Card ₹500","SKU-0397","Gifts & Gift Cards","Gift Cards","E-Gift Cards","500","59"
"FestiveNest Gifting","seller-20","ShopSphere E-Gift Card ₹2000","SKU-0398","Gifts & Gift Cards","Gift Cards","E-Gift Cards","2000","66"
"FestiveNest Gifting","seller-20","ShopSphere Gift Card Tin ₹1000","SKU-0399","Gifts & Gift Cards","Gift Cards","Physical Gift Cards","1000","73"
"FestiveNest Gifting","seller-20","FestiveNest Diwali Celebration Hamper","SKU-0400","Gifts & Gift Cards","Gift Sets","Gift Hampers","2499","10"
"FestiveNest Gifting","seller-20","HeroForge Anime Figure — Storm Ronin","SKU-0401","Collectibles","Figurines & Models","Anime Figures","1999","4"
"FestiveNest Gifting","seller-20","HeroForge Anime Figure — Cyber Miko","SKU-0402","Collectibles","Figurines & Models","Anime Figures","2299","24"
"FestiveNest Gifting","seller-20","SpeedScale 1:24 Diecast Rally Car","SKU-0403","Collectibles","Figurines & Models","Diecast Cars","1299","31"
"FestiveNest Gifting","seller-20","SpeedScale 1:18 Classic Roadster","SKU-0404","Collectibles","Figurines & Models","Diecast Cars","2499","38"
"FestiveNest Gifting","seller-20","BuildScale Fighter Jet Model Kit 1:72","SKU-0405","Collectibles","Figurines & Models","Model Kits","1499","45"
"FestiveNest Gifting","seller-20","ArcanaDeck Collectible Trading Cards (Booster Box)","SKU-0406","Collectibles","Trading & Memorabilia","Trading Cards","2999","52"
"FestiveNest Gifting","seller-20","LegendsVault Signed Cricket Print (Framed)","SKU-0407","Collectibles","Trading & Memorabilia","Sports Memorabilia","4999","59"
"FestiveNest Gifting","seller-20","HeritageMint Old Coin Collector Album","SKU-0408","Collectibles","Vintage & Antiques","Coins & Stamps","1999","66"
"FestiveNest Gifting","seller-20","RetroWall Vintage Bollywood Poster Set","SKU-0409","Collectibles","Vintage & Antiques","Vintage Posters","899","73"
"FestiveNest Gifting","seller-20","ArcanaDeck Starter Deck & Playmat","SKU-0410","Collectibles","Trading & Memorabilia","Trading Cards","1499","10"
"FestiveNest Gifting","seller-20","LoomTales Macrame Wall Hanging","SKU-0411","Handmade Products","Handmade Decor","Macrame","1299","17"
"FestiveNest Gifting","seller-20","LoomTales Macrame Plant Hangers (Set of 2)","SKU-0412","Handmade Products","Handmade Decor","Macrame","799","3"
"FestiveNest Gifting","seller-20","MittiCraft Hand-Thrown Pottery Vase","SKU-0413","Handmade Products","Handmade Decor","Handmade Pottery","999","31"
"FestiveNest Gifting","seller-20","MittiCraft Ceramic Chai Kulhads (Set of 6)","SKU-0414","Handmade Products","Handmade Decor","Handmade Pottery","749","38"
"FestiveNest Gifting","seller-20","CaneWeave Handwoven Storage Baskets (Set of 3)","SKU-0415","Handmade Products","Handmade Decor","Woven Baskets","1199","45"
"FestiveNest Gifting","seller-20","LoomTales Handloom Cotton Stole","SKU-0416","Handmade Products","Handmade Fashion","Handloom Stoles","899","52"
"FestiveNest Gifting","seller-20","BeadStory Handmade Terracotta Jewelry Set","SKU-0417","Handmade Products","Handmade Fashion","Handmade Jewelry","699","59"
"FestiveNest Gifting","seller-20","PureLather Artisan Soap Collection (6 Bars)","SKU-0418","Handmade Products","Handmade Care","Artisan Soaps","599","66"
"FestiveNest Gifting","seller-20","GlowNest Hand-Poured Soy Candles (Set of 3)","SKU-0419","Handmade Products","Handmade Care","Hand-Poured Candles","899","73"
"FestiveNest Gifting","seller-20","CaneWeave Picnic Basket with Lid","SKU-0420","Handmade Products","Handmade Decor","Woven Baskets","1499","10"
"FestiveNest Gifting","seller-20","PartyPop Balloon Arch Kit (120 pcs)","SKU-0421","Party Supplies","Decorations","Balloons & Arches","799","17"
"FestiveNest Gifting","seller-20","PartyPop Birthday Banner & Bunting Set","SKU-0422","Party Supplies","Decorations","Banners","399","24"
"FestiveNest Gifting","seller-20","PartyPop Photo Booth Props (30 pcs)","SKU-0423","Party Supplies","Decorations","Party Props","499","2"
"FestiveNest Gifting","seller-20","EcoServe Paper Plates & Cups Combo (50 Guests)","SKU-0424","Party Supplies","Tableware","Paper Plates & Cups","649","38"
"FestiveNest Gifting","seller-20","SweetCrown Cake Toppers Assortment","SKU-0425","Party Supplies","Tableware","Cake Toppers","349","45"
"FestiveNest Gifting","seller-20","JoyBox Return Gifts Combo (12 pcs)","SKU-0426","Party Supplies","Celebration Extras","Return Gifts","999","0"
"FestiveNest Gifting","seller-20","PartyPop Confetti Party Poppers (10 Pack)","SKU-0427","Party Supplies","Celebration Extras","Party Poppers","449","59"
"FestiveNest Gifting","seller-20","PartyPop Metallic Balloons (HBD, Gold)","SKU-0428","Party Supplies","Decorations","Balloons & Arches","349","66"
"FestiveNest Gifting","seller-20","EcoServe Leaf-Plate Dinner Set (25 Guests)","SKU-0429","Party Supplies","Tableware","Paper Plates & Cups","549","73"
"FestiveNest Gifting","seller-20","JoyBox Piñata with Stick","SKU-0430","Party Supplies","Celebration Extras","Return Gifts","699","10"
"FestiveNest Gifting","seller-20","DivyaKala Brass Pooja Thali Set (7 pcs)","SKU-0431","Religious & Spiritual Items","Pooja Essentials","Pooja Thalis","1299","17"
"FestiveNest Gifting","seller-20","DivyaKala Copper Pooja Thali","SKU-0432","Religious & Spiritual Items","Pooja Essentials","Pooja Thalis","899","24"
"FestiveNest Gifting","seller-20","SacredScents Incense Sticks Gift Pack (12 Fragrances)","SKU-0433","Religious & Spiritual Items","Pooja Essentials","Incense & Dhoop","449","31"
"FestiveNest Gifting","seller-20","SacredScents Dhoop Cones Combo","SKU-0434","Religious & Spiritual Items","Pooja Essentials","Incense & Dhoop","299","4"
"FestiveNest Gifting","seller-20","DivyaKala Brass Diyas (Set of 4)","SKU-0435","Religious & Spiritual Items","Pooja Essentials","Diyas & Lamps","799","45"
"FestiveNest Gifting","seller-20","DivyaKala Ganesha Brass Idol 6-inch","SKU-0436","Religious & Spiritual Items","Idols & Frames","Brass Idols","1999","52"
"FestiveNest Gifting","seller-20","DivyaKala Lakshmi-Ganesh Idol Pair","SKU-0437","Religious & Spiritual Items","Idols & Frames","Brass Idols","2499","59"
"FestiveNest Gifting","seller-20","FramedFaith Golden Temple Wall Frame","SKU-0438","Religious & Spiritual Items","Idols & Frames","Spiritual Frames","999","66"
"FestiveNest Gifting","seller-20","ZenFlow Kusha Grass Meditation Mat","SKU-0439","Religious & Spiritual Items","Spiritual Living","Meditation Mats","699","73"
"FestiveNest Gifting","seller-20","SacredBeads 5-Mukhi Rudraksha Mala","SKU-0440","Religious & Spiritual Items","Spiritual Living","Rudraksha & Malas","599","10"